1049791	what is njstart
1056446	what is dockpanel used for
9083	____________________ is considered the father of modern medicine.
831784	what is the meaning of the root shared by the words project and eject? weegy
1007473	_______ sediments originate from elements in seawater that precipitate out of solution.
1077356	what injectable meds treat cervical dystonia
1083663	what does i mean to wear your heart on your sleeve
1084469	what does a grassroots organization mean
1091688	phone number for bc transit junction
1095876	how much is college in florida
1097449	how many calories in provolone cheese
54819	blue sky charge controller price
75266	can vcenter standard manage essentials plus
341317	how tall is samus aran
608323	what county is laneview va located in
92542	circulation money definition
1086248	what causes a prickly itchy feeling all over
117113	define abraham lincoln during civil war
409143	is education a constitutional right
149161	difference between watt and hertz
414155	is it normal to have heartburn during the first trimester pregnancy
1096257	how much does a audit senior make
687375	what is a hydromyelia
426442	is the hawb the tracking number
202306	highest mileage crossover india
689885	what is a malanga
440362	linking verb synonym
1034595	what is the phone number to spe
178468	effects hot stone has on the circulatory system
904389	what time does chick-fil-a breakfast close
30860	average amount of money stna make
993153	which situation does a company issue a note receivable
208494	how big do newfypoo's get
208822	how big is a micron
212195	how could the courts check the bureaucracy
741392	what is drop in baseball bat selection
1003875	where was the mediterranean gecko introduced
1006199	when did rosalind franklin take x ray pictures of dna
825147	what is the hormone that makes you fat
758519	what is included in a clutch kit
242107	how long can i keep cooked italian sausage in refrigerator
1040461	who is the grinning man
785721	what is postulate in algebra
