786937	what is process improvement (lean six sigma)
1049791	what is njstart
1051530	what is mastoidectomy
1056446	what is dockpanel used for
9083	____________________ is considered the father of modern medicine.
831784	what is the meaning of the root shared by the words project and eject? weegy
838453	what is the parent company for adidas
1007473	_______ sediments originate from elements in seawater that precipitate out of solution.
1064195	what is aircraft ram air
540906	was the great wall of china breached
1065558	what is a variable account in a annuity
1068726	why food products or food contaminated wastes cannot be recycled?
20597	architectural design
1077356	what injectable meds treat cervical dystonia
1083663	what does i mean to wear your heart on your sleeve
1083852	what does extravert mean
1084469	what does a grassroots organization mean
1085279	what county is stacy minnesota
1085457	carnationÂ® evaporated milk total calories
1085584	carbon reactivation facilities california
1085796	what company was skittles made by?
299732	how many weeks can a yolk sac be seen on ultrasound
1087858	what airport is in wilder ky
1088541	weather in fletcher,nc
1089051	vainglory meaning
1090054	temperature diode
566174	what are stand up paddle boards made of
1091108	refers to what happens when sensory information is detected by a sensory receptor
1091688	phone number for bc transit junction
1093866	is thread.sleep implicit wait
1095278	average temp in fort worth in march
1095876	how much is college in florida
1096932	how many miles has pastor arthur blessitt ever walked?
1097449	how many calories in provolone cheese
1100070	head turner meaning
1100687	apartment cost in phoenix az
1101714	definition, nepotism
54819	blue sky charge controller price
846082	what is the score of the cavaliers and the warriors?
321951	how much is donald trump jr worth
489257	rigorous testing definition
335710	how old is lil moco
75266	can vcenter standard manage essentials plus
341317	how tall is samus aran
866251	what kind of animals are at the franklin park zoo
608323	what county is laneview va located in
757644	what is impact ratio analysis
92542	circulation money definition
881695	what network is pickles on cartoon
891565	what river is near scotts seadoos in sacramento
1094731	hydrocodone price per pill
897476	what state has the easiest bar exam
637459	what does fdg mean
1086248	what causes a prickly itchy feeling all over
641156	what does it mean when someone sign a document under duress
117113	define abraham lincoln during civil war
38946	average money market interest rates
137508	definition of purse
405238	is callahan an irish name
407274	is cortana smart???
669427	what hormone secretion causes goiter
931726	what's the difference between jambalaya and paella
933236	what's the temperature in tucson arizona right now?
409143	is education a constitutional right
149161	difference between watt and hertz
414155	is it normal to have heartburn during the first trimester pregnancy
1096257	how much does a audit senior make
687375	what is a hydromyelia
426442	is the hawb the tracking number
202306	highest mileage crossover india
689885	what is a malanga
171370	does singing burn calories
958311	when was jim vance funeral
440362	linking verb synonym
1034595	what is the phone number to spe
178468	effects hot stone has on the circulatory system
564668	what are sensitive periods for brain development
311540	how much does a spectacled bear weigh
968608	where did edison set up his first laboratory for research
904389	what time does chick-fil-a breakfast close
30860	average amount of money stna make
971653	where do the ash borer come from
973362	where does lice come from
978057	where is berrimah
455456	molar mass of phenol
198807	has a mlb team ever gone undefeated in the regular season
1036656	what is the meaning of chicken rice?
986210	who was the basket of apples by
463230	neonatal hemochromatosis causes
987978	where is miralago
988142	who paul clark
988306	who owns charlotte hilton university place hotel
991590	where is ridgewood ny located
993153	which situation does a company issue a note receivable
993987	which muscle type is involved in the function of the digestive tract and blood vessels?
208494	how big do newfypoo's get
208822	how big is a micron
736125	what is crossfit?
998591	where is mathura
212195	how could the courts check the bureaucracy
1000678	where did captain james cook explore?
741392	what is drop in baseball bat selection
1003875	where was the mediterranean gecko introduced
1006199	when did rosalind franklin take x ray pictures of dna
749752	what is gabba
839488	what is the plural of kohlrabies
231877	how far is niagara on the lake to hamilton
825147	what is the hormone that makes you fat
758519	what is included in a clutch kit
1026799	what kind of match is necessary for an organ transplant
503390	statute of limitations definition
242107	how long can i keep cooked italian sausage in refrigerator
427323	is the sec constitutional
837681	what is the opposite of benefit?
1039495	who is the boss of google?
1040038	what is the empirical formula for phosphorus selenide
1040461	who is the grinning man
257885	how long does it take to process your request for ssa retirement benefits?
1045203	who owns cnn cable news network
1045227	what is termis
1045826	what is ssc je
1046648	who played fiddle for boxcar willie
1048282	what is pivx
785176	what is polydextrose made from
785721	what is postulate in algebra
